Dengue Protein,Dengue Sequence
NP_739583.2_Envelope_DV2,MRCIGMSNRDFVEGVSGGSWVDIVLEHGSCVTTMAKNKPTLDFELIKTEAKQPATLRKYCIEAKLTNTTTESRCPTQGEPSLNEEQDKRFVCKHSMVDRGWGNGCGLFGKGGIVTCAMFRCKKNMEGKVVQPENLEYTIVITPHSGEEHAVGNDTGKHGKEIKITPQSSITEAELTGYGTVTMECSPRTGLDFNEMVLLQMENKAWLVHRQWFLDLPLPWLPGADTQGSNWIQKETLVTFKNPHAKKQDVVVLGSQEGAMHTALTGATEIQMSSGNLLFTGHLKCRLRMDKLQLKGMSYSMCTGKFKVVKEIAETQHGTIVIRVQYEGDGSPCKIPFEIMDLEKRHVLGRLITVNPIVTEKDSPVNIEAEPPFGDSYIIIGVEPGQLKLNWFKKGSSIGQMFETTMRGAKRMAILGDTAWDFGSLGGVFTSIGKALHQVFGAIYGAAFSGVSWTMKILIGVIITWIGMNSRSTSLSVTLVLVGIVTLYLGVMVQA
NP_739586.2_NS2B_DV2,SWPLNEAIMAVGMVSILASSLLKNDIPMTGPLVAGGLLTVCYVLTGRSADLELERAADVKWEDQAEISGSSPILSITISEDGSMSIKNEEEEQTLTILIRTGLLVISGLFPVSIPITAAAWYLWEVKKQR
NP_739587.2_NS3_DV2,AGVLWDVPSPPPMGKAELEDGAYRIKQKGILGYSQIGAGVYKEGTFHTMWHVTRGAVLMHKGKRIEPSWADVKKDLISYGGGWKLEGEWKEGEEVQVLALEPGKNPRAVQTKPGLFKTNAGTIGAVSLDFSPGTSGSPIIDKKGKVVGLYGNGVVTRSGAYVSAIAQTEKSIEDNPEIEDDIFRKRRLTIMDLHPGAGKTKRYLPAIVREAIKRGLRTLILAPTRVVAAEMEEALRGLPIRYQTPAIRAEHTGREIVDLMCHATFTMRLLSPVRVPNYNLIIMDEAHFTDPASIAARGYISTRVEMGEAAGIFMTATPPGSRDPFPQSNAPIIDEEREIPERSWNSGHEWVTDFKGKTVWFVPSIKAGNDIAACLRKNGKKVIQLSRKTFDSEYVKTRTNDWDFVVTTDISEMGANFKAERVIDPRRCMKPVILTDGEERVILAGPMPVTHSSAAQRRGRIGRNPKNENDQYIYMGEPLENDEDCAHWKEAKMLLDNINTPEGIIPSMFEPEREKVDAIDGEYRLRGEARKTFVDLMRRGDLPVWLAYRVAAEGINYADRRWCFDGVKNNQILEENVEVEIWTKEGERKKLKPRWLDARIYSDPLALKEFKEFAAGRK
NP_739588.2_NS4A_DV2,SLTLNLITEMGRLPTFMTQKARDALDNLAVLHTAEAGGRAYNHALSELPETLETLLLLTLLATVTGGIFLFLMSGRGIGKMTLGMCCIITASILLWYAQIQPHWIAASIILEFFLIVLLIPEPEKQR
NP_740321.1_NS3_DV4,SGALWDVPSPAATKKAALSEGVYRIMQRGLFGKTQVGVGIHMEGVFHTMWHVTRGSVICHETGRLEPSWADVRNDMISYGGGWRLGDKWDKEEDVQVLAIEPGKNPKHVQTKPGLFKTLTGEIGAVTLDFKPGTSGSPIINRKGKVIGLYGNGVVTKSGDYVSAITQAERIGEPDYEVDEDIFRKKRLTIMDLHPGAGKTKRILPSIVREALKRRLRTLILAPTRVVAAEMEEALRGLPIRYQTPAVKSEHTGREIVDLMCHATFTTRLLSSTRVPNYNLIVMDEAHFTDPSSVAARGYISTRVEMGEAAAIFMTATPPGATDPFPQSNSPIEDIEREIPERSWNTGFDWITDYQGKTVWFVPSIKAGNDIANCLRKSGKKVIQLSRKTFDTEYPKTKLTDWDFVVTTDISEMGANFRAGRVIDPRRCLKPVILPDGPERVILAGPIPVTPASAAQRRGRIGRNPAQEDDQYVFSGDPLKNDEDHAHWTEAKMLLDNIYTPEGIIPTLFGPEREKTQAIDGEFRLRGEQRKTFVELMRRGDLPVWLSYKVASAGISYEDREWCFTGERNNQILEENMEVEIWTREGEKKKLRPRWLDARVYADPMALKDFKEFASGRK
NP_739591.2_Capsid_DV2,MNNQRKKAKNTPFNMLKRERNRVSTVQQLTKRFSLGMLQGRGPLKLFMALVAFLRFLTIPPTAGILKRWGTIKKSKAINVLRGFRKEIGRMLNILNRRRR
URC21202.1_NS5_DV1,KREKKLGEFGKAKGSRAIWYMWLGARFLEFEALGFMNEDHWFSRENSLSGVEGEGLHKLGYILRDISKIPGGNMYAD
URC21208.1_NS5_DV2,KREKKLGEFGKAKGSRAIWYMWLGARFLEFEALGFLNEDHWFSRENSLSGVEGEGLHKLGYILRDVSKKEGGAMYAD
ATG84978.1_NS3_DV1,YVVTTDISEMGANFRADRVIDPRRCLKPVILKDGPERVILAGPMPVTVASAAQRRGRIGRNQNKEGDQYVYMGQPLNNDEDHAHWTEAKMLLDNINTPEGIIPALFEPEREKSAAIDGEYRLRGEARKTFVELMRRGDLPVWLSYKVASEGFQY
AKK23335.1_NS1_DV1,GSSGVSWTMKIGIGVLLTWLGLNSRSTSLSMTCIAVGLVTLYLGVMVQADSGCVINWKGRELKCGSGIFVTNEVHTWTEQYKFQADSPKRLSAAIGKAWEEGVCGIRSATRLENIMWKQISNELNHILLENDVKFTVVVGDVAGILAQGKKMIRPQPMEYKYSWKSWGKAKIIGADVQNTTFIIDGPNTPECPDDQRAWNIWEVEDYGFGIFTTNIWLKLRDSYTQVCDHRLMSAAIKDSKAVHADMGYWIESEKNETWKLARASFIEVKTCIWPKSHTLWSNGVLESEMIIPKIYGGPISQHNYRPGYFTQTAGPWHLGKLELDFDLCEGTTVVVDEHCGNRGPSLRATTVTGKIIHEWCCRSCTLPPLRFRGEDGCWYGMEIRPVKEKEENLVKSVVSAGSGEVDSFSLGLLCISIMIEEVMRSRW
YP_001531172.2_NS3_DV3,SGVLWDVPSPPETQKAELEEGVYRIKQQGIFGKTQVGVGVQKEGVFHTMWHVTRGAVLTHNGKRLEPNWASVKKDLISYGGGWRLSAQWQKGEEVQVIAVEPGKNPKNFQTTPGTFQTTTGEIGAIALDFKPGTSGSPIINREGKVVGLYGNGVVTKNGGYVSGIAQTNAEPDGPTPELEEEMFKKRNLTIMDLHPGSGKTRKYLPAIVREAIKRRLRTLILAPTRVVAAEMEEALKGLPIRYQTTATKSEHTGREIVDLMCHATFTMRLLSPVRVPNYNLIIMDEAHFTDPASIAARGYISTRVGMGEAAAIFMTATPPGTADAFPQSNAPIQDEERDIPERSWNSGNEWITDFAGKTVWFVPSIKAGNDIANCLRKNGKKVIQLSRKTFDTEYQKTKLNDWDFVVTTDISEMGANFKADRVIDPRRCLKPVILTDGPERVILAGPMPVTAASAAQRRGRVGRNPQKENDQYIFTGQPLNNDEDHAHWTEAKMLLDNINTPEGIIPALFEPEREKSAAIDGEYRLKGESRKTFVELMRRGDLPVWLAHKVASEGIKYTDRKWCFDGQRNNQILEENMDVEIWTKEGEKKKLRPRWLDARTYSDPLALKEFKDFAAGRK
NP_739584.2_NS1_DV2,DSGCVVSWKNKELKCGSGIFITDNVHTWTEQYKFQPESPSKLASAIQKAHEEGICGIRSVTRLENLMWKQITPELNHILSENEVKLTIMTGDIKGIMQAGKRSLRPQPTELKYSWKTWGKAKMLSTESHNQTFLIDGPETAECPNTNRAWNSLEVEDYGFGVFTTNIWLKLKEKQDVFCDSKLMSAAIKDNRAVHADMGYWIESALNDTWKIEKASFIEVKNCHWPKSHTLWSNGVLESEMIIPKNLAGPVSQHNYRPGYHTQITGPWHLGKLEMDFDFCDGTTVVVTEDCGNRGPSLRTTTASGKLITEWCCRSCTLPPLRYRGEDGCWYGMEIRPLKEKEENLVNSLVTA
URC21214.1_NS5_DV3,KREKKLGEFGKAKGSRAIWYMWLGARYLEFEALGFLNEDHWFSRENSYSGVEGEGLHKLGYILRDISKIPGGAMYAD
AAL67816.1_prM_DV2,FHLTTRNGEPHMIVSRQEKGKSLLFKTEDGVNMCTLMAMDLGELCEDTITYNCPLLRQNEPEDIDCWCNSTSTWVTYGTCTATGEHRREKRSVALVPHVGMGLETRTETWMSSEGAWKH
ADA84881.1_capsid_DV4,LVKRFSTGLFSGKGTLRMVLAFITFLRVLSIPPTAGILKRWGQLKKNKAIKILIGFRKEIGRMLNILNRRRRSTMTLLCLIPTVMAFHLSTRDGEPLMIVAKHERGRPLLFKTTE
BAV37877.1_capsid_DV1,MLKRARNRIKGFPGGGEISEDALRPGPMKLLHGFLAFLRFLAILPTAGILARWGSFKKNGAIKVLRSSKKESQLGHNDRRRNLRPCSYAMLTSPGSLR
AIY68806.1_Envelope_DV1,MRCVGIGSRDFVEGLSGATWVDVVLEHGSCVTTMAKDKPTLDIELLKTEVTNPAVLRKLCIEAKISNTTTDSRCPTQGEATLVEEQDANFVCRRTFVDRGWGNGCGLFGKGSLITCAKFKCVTKLEGKIVQYENLKYSVIVTVHTGDQHQVGNESTEHGTTATITPQAPTTEIQLTDYGALTLDCSPRTGLDFNEMVLLTMKEKSWLVHKQWFLDLPLPWTSGASTSQETWNRQDLLVTFKTAHAKKQEVVVLGSQEGAMHTALTGATEIQTSGTTTIFAGHLKCRLKMDKLTLKGMSYVMCTGSFKLEKEVAETQHGTVLVQIKYEGTDAPCKIPFSTQDEKGVTQNGRLITANPIVTDKEKPVNIEAEPPFGESYIVIGAGEKALKL
URC21222.1_NS5_DV4,KREKKLGEFGRAKGSRAIWYMWLGARFLEFEALGFLNEDHWFSRENSWSGVEGEGLHRLGYILEDIDKKDGDLIYAD
A0A410FXJ4_Envelope_DV4,MRCVGVGNRDFVEGVSGGAWVDLVLEHGGCVTTMAQGKPTLDFELIKTTAKEVALLRTYCIEASISNITTATRCPTQGEPYLKEEQDQQYICRRDVVDRGWGNGCGLFGKGGVVTCAKFSCSGKITGNLVQVENLEYTVVVTVHNGDTHAVGNDTSNHGVTATITPRSPSVEVKLPDYGELTLDCEPRSGIDFNEMILMTMEKKTWLVHKQWFLDLPLPW
NP_739585.2_NS2A_DV2,GHGQVDNFSLGVLGMALFLEEMLRTRVGTKHAILLVAVSFVTLITGNMSFRDLGRVMVMVGATMTDDIGMGVTYLALLAAFKVRPTFAAGLLLRKLTSKELMMTTIGIVLLSQSTIPETILELTDALALGMMVLKMVRNMEKYQLAVTIMAILCVPNAVILQNAWKVSCTILAVVSVSPLLLTSSQQKTDWIPLALTIKGLNPTAIFLTTLSRTSKKR
YP_001531164.2_Capsid_DV3,MNNQRKKTGKPSINMLKRVRNRVSTGSQLAKRFSKGLLNGQGPMKLVMAFIAFLRFLAIPPTAGVLARWGTFKKSGAIKVLKGFKKEISNMLSIINQRKK
NP_739589.2_NS4B_DV2,NEMGFLEKTKKDLGLGSIATQQPESNILDIDLRPASAWTLYAVATTFVTPMLRHSIENSSVNVSLTAIANQATVLMGLGKGWPLSKMDIGVPLLAIGCYSQVNPITLTAALFLLVAHYAIIGPGLQAKATREAQKRAAAGIMKNPTVDGITVIDLDPIPYDPKFEKQLGQVMLLVLCVTQVLMMRTTWALCEALTLATGPISTLWEGNPGRFWNTTIAVSMANIFRGSYLAGAGLLFSIMKNTTNTRR
